filename	prediction
test0.png	ибо
test1.png	осталось
test10.png	поле
test100.png	Оптическое
test1000.png	1 класса
test1001.png	2. Ульянов си
test1002.png	На место
test1003.png	чторо
test1004.png	назначение
test1005.png	отправление
test1006.png	было только
test1007.png	6.10.2017г.
test1008.png	просрочив сроке
test1009.png	которые для
test101.png	тогда
test1010.png	отправления были
test1011.png	критичны.
test1012.png	Просьба разобраться
test1013.png	в ситуации
test1014.png	30.08.2004
test1015.png	дав обратную
test1016.png	связь
test1017.png	а также
test1018.png	которые были
test1019.png	оплячены за
test102.png	способ
test1020.png	1 клагад
test1021.png	Данные по
test1023.png	Ксерокопия
test1024.png	приложение,
test1025.png	выдом обы
test1026.png	заявлению
test1027.png	Контакты для
test1028.png	Ания Сергеевич
test1029.png	7.10.2017г.
test103.png	угольник
test1030.png	Расписка
test1031.png	10 июня 2016г.
test1032.png	2. Сометербуры
test1033.png	Иванов Иван
test1034.png	15.02.187г.
test1035.png	рождения
test1036.png	19.10.2015
test1037.png	посморт сения
test1039.png	18.03.2007г.
test104.png	Множество
test1040.png	по адрец
test1041.png	деньги
test1042.png	рублей
test1043.png	18.04.1980
test1044.png	распорт сения
test1045.png	зареметрирован
test1046.png	г.Севоевак,
test1047.png	деленную сумму
test1048.png	ул. Ленина
test1049.png	вышуказанную
test105.png	Касательная
test1050.png	рублей
test1051.png	Иванов И.И.
test1052.png	28.11.11
test1053.png	14-лит
test1054.png	Плоской опие
test1055.png	обеих
test1056.png	Киров
test1057.png	ноября 2016
test1058.png	в размере 334 об
test1059.png	Васин
test106.png	Рассмотрим
test1060.png	ОВД Юлиного
test1061.png	25.06.2005
test1063.png	Логикин Юрий
test1064.png	9404
test1065.png	547815
test1066.png	082 р-на
test1067.png	16.08.2004г.
test1068.png	г. Киров
test1069.png	треста тредать
test107.png	Циректориальное
test1070.png	Шкода фабия
test1071.png	Паспорт
test1072.png	445 тыс.4
test1073.png	При писячи девятогот
test1074.png	Доверенность
test1075.png	паспорт
test1076.png	комер
test1077.png	выдан
test1078.png	отделением
test1079.png	по району
test108.png	Событие
test1080.png	рубли
test1081.png	мостве
test1082.png	код подразделения
test1083.png	проживаю
test1084.png	по адресу
test1085.png	квартира
test1086.png	доверяю помрать
test1087.png	отправления
test1088.png	приходящие
test1089.png	на моё имя
test109.png	любое
test1090.png	по адресу
test1091.png	в качестве задатка
test1092.png	1. Москва
test1093.png	127572
test1094.png	выдан
test1095.png	ОВД района
test1096.png	г.Москвы,
test1097.png	под подразделения
test1098.png	проживающему
test1099.png	по адресу
test11.png	новое
test110.png	Вопрос
test1100.png	25.01.2016.
test1101.png	30.09.2013
test1102.png	сентябрь,
test1103.png	да автомобиль
test1104.png	12.09.2013
test1105.png	12.09.2013
test1106.png	12.09.2013г.
test1107.png	12.09.2013г.
test1108.png	30.09.2013г.
test1109.png	12.09.201
test111.png	Использование
test1110.png	За период практи
test1111.png	Савенко И.А.
test1115.png	с составленным
test1116.png	планом
test1117.png	Но основе
test1118.png	людем
test1119.png	процесса
test112.png	непустое
test1120.png	определены
test1121.png	существующие
test1122.png	и предлогиены
test1123.png	методы
test1124.png	отлично
test1125.png	автомобиле
test1126.png	Аленко В.А.
test1127.png	Савченко И.А.
test1128.png	хорошо
test113.png	Метод.
test1130.png	отлично
test1131.png	Информационная
test1132.png	эндреодинамического
test1133.png	тисания
test1137.png	на предприятии
test1138.png	параметра
test1139.png	Формирование
test114.png	значения
test1140.png	17.12.17
test1141.png	аргументам
test1142.png	снор техновым
test1143.png	Даскиско,
test1144.png	23 марта 2012г.
test1145.png	2. Сомет. Петерсуры
test1146.png	Бугрово
test1147.png	сумму в срок
test115.png	Кривые
test1150.png	22.07.2010г.
test1152.png	Сам Бетертург
test1153.png	пр. Просвещени
test1154.png	по опорт
test1155.png	40 06 у99
test1156.png	в гдан
test1158.png	до 30 июня або9 года
test1159.png	Самкт. Пемертурго
test116.png	лучай
test1160.png	14.12.2003г.
test1161.png	по адресу
test1162.png	Сампт. Помергут
test1163.png	деслы в суме
test1164.png	Дво
test1165.png	рублей в счет
test1166.png	стоимости квартиры
test1167.png	расположеной
test1168.png	одресу
test1169.png	04 июня 2009 г.
test117.png	второго
test1170.png	Сомкин Пемертург
test1171.png	по договору
test1172.png	Претелей не имею
test1173.png	23.03.2012г.
test1174.png	Бурово Б.
test1175.png	Михаилу
test1176.png	04.01.1992г.
test1177.png	16.12.1991г.
test1178.png	по оказанию-
test1179.png	промышленным
test118.png	пространство
test1180.png	Иванов
test1181.png	в части увеличения
test1182.png	выпуска продукции
test1183.png	г. Иркутск
test1184.png	одинадцатого
test1185.png	4. перхутск
test1186.png	Иванову
test1187.png	Мамедов. Р.
test1188.png	Мустафоева ФМ
test1189.png	Максимов Р.Не
test119.png	любой
test1190.png	Маледов Д.
test1191.png	07.09.2000
test1192.png	Молледова А.
test1193.png	Мамевов А.А.
test1194.png	Ярьяево О.А.
test1195.png	Яхьяев Мя
test1196.png	(Озбекова С.В.
test1197.png	Абдулаева С.
test1198.png	Наталью
test1199.png	Заявление
test12.png	разрешно
test120.png	покажем
test1200.png	08.09.16г.
test1201.png	от услуг
test1202.png	гор Ошек
test1203.png	отказываюсь
test1204.png	адвоматов
test1205.png	свои
test1206.png	прошу
test1207.png	Вас изьять дело
test1208.png	конию,
test1209.png	Тнолевой
test121.png	измеримость
test1210.png	г.Варнаула
test1211.png	железнодоротного,
test1212.png	15 сентября
test1213.png	октябрь,
test1214.png	сомерхожая обл
test1215.png	25 октября
test1216.png	Савилова
test1217.png	Абузова
test1218.png	Шатолова
test1219.png	Обласова
test122.png	Вопрос
test1220.png	Нашалы Константиновна
test1221.png	проходила практику
test1222.png	в колеетве
test1223.png	классного руководится
test1224.png	в классе
test1225.png	в ороне
test1226.png	летоц
test1227.png	лицей
test1228.png	2. Барнаука
test1229.png	С первого дня
test123.png	дана
test1230.png	студентке удалось
test1231.png	наладить
test1232.png	доброжелательно-
test1233.png	требовательные
test1234.png	Нажалья
test1235.png	срок
test1236.png	Иванович
test1237.png	смогла
test1238.png	с детьми
test1239.png	психологически
test124.png	Сделаем
test1240.png	индивидуально
test1241.png	их
test1242.png	особенности
test1243.png	учитывая
test1244.png	индивидуальные
test1245.png	воздействия
test1246.png	на каждого
test1248.png	члена детского
test1249.png	коллества
test125.png	примением
test1250.png	ягодикой
test1251.png	воспитательных
test1252.png	умением
test1253.png	использовать
test1254.png	разнообразные
test1255.png	работы
test1256.png	в качестве
test1257.png	студеника
test1258.png	Динал обы
test1259.png	с угощимся
test126.png	теорема
test1260.png	этические беседы
test1261.png	подготовку
test1262.png	мероприятиям,
test1263.png	проверяла
test1264.png	в организации
test1265.png	дежурств
test1266.png	по лицею
test1267.png	в организации
test1268.png	знакомилась
test1269.png	ул. новечения истра
test127.png	плотность
test1270.png	досументации
test1271.png	классного
test1273.png	планов.
test1274.png	Рекомендую
test1275.png	Заречнева С.Н.
test1276.png	Савилова И.В.
test1277.png	оценой
test1279.png	для нужд
test128.png	Основные
test1281.png	избирательной
test1282.png	получил
test1283.png	Киселева В.
test1284.png	Трибо тния
test1285.png	доллоуров США
test1286.png	22.03.2006г.
test1287.png	Свитунов А. А.
test1288.png	г. моства
test1289.png	24.11.1986.
test129.png	свойства
test1290.png	гор. Вороние
test1291.png	Иванова
test1292.png	Сидорову
test1293.png	гор. Челябина
test1294.png	Советская
test1295.png	Прошу вернуть
test1296.png	денежные средства
test1297.png	перечисленные
test1298.png	на номера
test1299.png	яндекс. Кошелька
test13.png	15.09.2020
test130.png	деформация
test1302.png	523739
test1303.png	12.08.2012
test1304.png	88007000 200
test1305.png	Лебеденко Н.
test1306.png	выдан
test1307.png	Историю опорация
test1308.png	и детализацию по
test1309.png	ним предоставляю
test131.png	Шейка,
test1310.png	в распечатанном
test1311.png	виде
test1312.png	в количестве
test1313.png	18.04.20000.
test1314.png	Детализация
test1315.png	на каждому
test1316.png	незаконному
test1317.png	Более
test1318.png	информацию можно
test1319.png	Гузнать у
test132.png	Линейное
test1320.png	Яндек деный
test1322.png	Контролер
test1323.png	Столенское
test1324.png	заместитель
test1327.png	г. Пенза
test1328.png	14 ноября 2007г.
test133.png	сходится
test1330.png	в размере
test1333.png	обязательств
test1334.png	в договоре
test1335.png	а именно
test1336.png	02 декабря 1980г.
test1337.png	(условия поставки)
test1339.png	для загисления
test134.png	ожиданию
test1340.png	4272 29038396689
test1341.png	302018101000000076
test1342.png	302328104810000009
test1343.png	044525716
test1344.png	Разров
test1345.png	Проводный
test1346.png	27.11.2016г
test1347.png	РУВДРОНЕЕК
test1348.png	мне было
test1349.png	в потецении
test135.png	стандартизования
test1350.png	Избиратольного
test1351.png	в почестве лица
test1352.png	ранстрауки в плестве
test1353.png	Аналогичные
test1354.png	В соотвение
test1355.png	Бажду Д.В.
test1357.png	Заявление
test1358.png	развердина
test136.png	сходимость
test1360.png	к городе
test1361.png	не управлял
test1364.png	В данный момент
test1365.png	Морозова
test1366.png	Реперальному
test1367.png	Российской
test1368.png	заявление
test1369.png	березкин
test137.png	совпадает
test1370.png	08.02.2012г.
test1371.png	мне стало
test1373.png	представителем
test1374.png	на должность
test1375.png	Главы
test1376.png	документы
test1377.png	Галева А.М.
test138.png	означает
test1380.png	Березкина
test1381.png	кануирата
test1382.png	На этил документах
test1383.png	имеется
test1384.png	Дви и
test1386.png	Кроме того,
test1387.png	13 ливаря 2012
test1388.png	в избирательной
test139.png	суммы,
test1390.png	произведена
test1392.png	Дрошу рас
test1393.png	ов февраля 2012г.
test1394.png	Заявление
test1395.png	Прошу
test1396.png	должности
test1397.png	государственной
test1398.png	гражданской
test1399.png	службы
test14.png	оператор
test140.png	совокупность
test1400.png	заместителя
test1401.png	министра
test1402.png	просрочкой
test1403.png	дейнансов
test1404.png	Медведеву Д.Н.
test1405.png	Саваточина А.
test1409.png	Заявления.
test141.png	используем
test1411.png	Ушанцу О.А.
test1413.png	июля
test1414.png	желательно
test1415.png	предпольнительно
test1416.png	Домолнительно сообщу
test1417.png	Даценко С.Н.
test1418.png	В виду
test1419.png	по февраль 2005 г.
test142.png	дисперсия
test1423.png	которому
test1424.png	Магарова
test1425.png	не выплачиваю
test1426.png	Прилагается
test1428.png	Фолина В.А.
test1429.png	Генеральному дирестору
test143.png	принцип
test1430.png	от писача 5 разряда
test1431.png	об образовательных
test1432.png	программах
test1433.png	Л.М. Петровой
test1434.png	Влатоновой А.
test1435.png	директора
test1438.png	Заявление
test1439.png	должность инженера
test144.png	собана
test1440.png	1 февраля 1965 г.
test1441.png	Заявление.
test1442.png	Сидоренко
test1443.png	прошу
test1444.png	Вас расторгнуть
test1445.png	договор
test1446.png	и вернуть деньги
test1447.png	в мая 1949 г.
test1448.png	по Полюсу
test1449.png	транспортного
test145.png	порядок
test1450.png	средства
test1451.png	Причина
test1452.png	отказ
test1454.png	26.03.2014
test1455.png	Сидоренко С.В.
test1456.png	Прошу разрешия
test1457.png	Заявление
test1458.png	в семы
test1459.png	Коргеова С.Н.
test146.png	равномерно
test1460.png	Дол сенко 1.
test1461.png	с татериали
test1462.png	гражданского дела
test1464.png	прошу разрешения
test1465.png	делать
test1467.png	28 декабря 206г.
test1468.png	Предателю суда
test1469.png	В 1942
test147.png	осуществляется
test1471.png	переводом
test1472.png	медицинского
test1473.png	Прошу оказать
test1474.png	Заявление
test1477.png	стипендию получаю
test1478.png	не налучаю
test148.png	через
test1481.png	факульта литу
test1482.png	академику
test1483.png	Кафедны 30 гии
test1484.png	беспозвоночных
test1485.png	заявление
test1487.png	13.09.19
test1488.png	преобретен
test1489.png	Смартрон
test149.png	Имеем
test1490.png	по стоянности
test1491.png	школы
test1494.png	не сим карте
test1496.png	данных
test1497.png	телефон чисет
test1498.png	как е нуля,
test1499.png	27.09.19
test15.png	обознам
test150.png	линейных
test1500.png	телефон был сдан
test1501.png	проверку качества
test1503.png	пришло заключение
test1504.png	о том что дефект
test1505.png	обнаружен
test1506.png	В этот же день
test1507.png	при осмотре
test1508.png	конецльтантом
test1509.png	дефект остался
test151.png	метод
test1510.png	фанные есть
test1511.png	сразу же их нет,
test1513.png	В 1959 г.
test1515.png	Ханидулине А. Ф
test1516.png	в отдел архитонтуры
test1519.png	была произведена
test152.png	моделей
test1520.png	по территории
test1521.png	по переметру
test1522.png	не ворно
test1523.png	что обнарушилось
test1524.png	факультет ДВУ
test1527.png	не было
test1530.png	доявление
test1531.png	Трошу уволишь
test1532.png	18.10.2018
test1533.png	Жалоба
test1534.png	на действия
test1535.png	закончило гребу
test1536.png	19.08.2018г.
test1539.png	Полиция в состве
test154.png	Тогда
test1541.png	соотруники
test1544.png	принеты меры
test1545.png	студеит группы
test1546.png	Расписка
test1547.png	в ДВТУ в 1964г.
test1548.png	Объяснительное
test1549.png	Моксиливой т.В.
test155.png	сверху
test1550.png	личности
test1551.png	настроение
test1552.png	большого комочества
test1553.png	времени
test1558.png	По направлению
test1559.png	приша
test156.png	оступами
test1560.png	объяснительная
test1561.png	Пачальнику
test1562.png	от иненера
test1563.png	15.09.03г.
test1564.png	сильный тумой
test1565.png	на улице был
test1566.png	автобус двигался
test1567.png	очень медленно
test1568.png	автобуса
test1569.png	государственной
test157.png	ерез
test1571.png	15/09/03
test1572.png	Безбородов А.
test1573.png	объяснительная
test1574.png	сегодня
test1575.png	28. 10.2016
test1576.png	занимался
test1577.png	в связи с чем
test1578.png	вышел из дома
test1579.png	опоздал на работу
test158.png	Линейная
test1580.png	по распределению
test1581.png	на 15 минут.
test1583.png	опозданий и
test1584.png	с абсолютной
test1587.png	перед работой.
test1588.png	28.20.2016
test1589.png	Безбородов А.
test159.png	вероятность
test1590.png	Объяснительная
test1591.png	спиталистов
test1592.png	месте
test1593.png	06.12.10
test1597.png	сказала
test1599.png	10.12.10
test16.png	рассмотрим
test160.png	сисла
test1600.png	предоставить
test1603.png	Аеще у
test1604.png	в Шом
test1605.png	С ноября 1966 года
test1606.png	по август 196 года
test1607.png	не работала
test161.png	аддитивной
test162.png	был
test163.png	устойчивость
test164.png	абсолютно
test165.png	пусть
test166.png	первого
test167.png	схемой
test168.png	устойчива
test169.png	суммарную
test17.png	Предположим
test170.png	сгрудно
test171.png	нег
test172.png	решил
test173.png	вопрос
test174.png	замешишь
test175.png	хотя
test176.png	получаем
test177.png	задачи
test178.png	этого
test179.png	пределим
test18.png	сверху
test180.png	найдем
test181.png	достаточно
test182.png	сии
test183.png	поскольку
test184.png	первую
test185.png	(результат
test186.png	предположим.
test187.png	Анализ
test188.png	Заметим,
test189.png	алгоритм
test19.png	отождествлять с
test190.png	сходимость
test191.png	полушата
test192.png	любые
test193.png	стала
test194.png	для
test195.png	Приведем
test196.png	этой
test197.png	реализации
test198.png	коэффициент
test199.png	изоморфизм
test2.png	оператор
test20.png	более челкие
test200.png	пропорциальным
test201.png	след
test202.png	узлы
test203.png	устойчивость
test204.png	экономичной
test205.png	каждом
test206.png	Будем
test207.png	на
test208.png	говорить
test209.png	котим
test21.png	нужно
test210.png	форма
test211.png	срабновать
test212.png	заявление
test213.png	дом. тел. 53-482
test214.png	моб. 375-44-794
test215.png	ресцепления
test216.png	15 мая
test217.png	д.8 кв.51
test218.png	Горизонт
test219.png	Вдел
test22.png	нормальной
test220.png	В ронеж
test221.png	устойчиво
test222.png	Равновые
test223.png	она
test224.png	вдом
test225.png	ложет
test226.png	Ем
test227.png	положительная
test228.png	система
test229.png	тастичностей
test23.png	они могут
test230.png	Однако
test231.png	ем
test232.png	исходится
test233.png	Тензор:
test234.png	другой
test235.png	тестно-
test236.png	способ
test237.png	сислогично
test238.png	содержит
test239.png	разлается
test24.png	Авторизация
test240.png	преобразования
test241.png	перехода
test242.png	ненулевой
test243.png	вид
test244.png	вектора
test245.png	такой
test246.png	смена
test247.png	матрица
test248.png	всердни
test249.png	имеет
test25.png	для проведения
test250.png	скаляр
test251.png	перейдем
test252.png	число
test253.png	тензор
test254.png	вектор
test255.png	результат
test256.png	ковектор
test257.png	выборка
test258.png	Ранг
test259.png	подставим
test26.png	нормальной
test260.png	тензора
test261.png	двух
test262.png	сеточная
test263.png	переменных
test264.png	функция
test265.png	сходится
test266.png	Безусловная
test267.png	Разностная
test268.png	погрешность
test269.png	аппроксимации
test27.png	Покажем
test270.png	схема
test271.png	зависит
test272.png	погрешность
test273.png	Разкостная
test274.png	схема
test275.png	Правый
test276.png	Оценим
test277.png	наляний
test278.png	получаем
test279.png	утолок
test28.png	на основании
test280.png	характеристика
test281.png	верхний
test282.png	Правый
test283.png	утолок
test284.png	схема
test285.png	рассмотривать
test286.png	подставим
test287.png	разностную
test288.png	скему
test289.png	сеточная
test29.png	матрица
test290.png	будем
test291.png	область
test292.png	Мот
test293.png	норма
test294.png	пробетирования
test295.png	оператор
test296.png	точная
test297.png	норма
test298.png	соласована
test299.png	максимум
test3.png	Попробуем
test30.png	что
test300.png	Поблема
test301.png	норма
test302.png	соласована
test303.png	Сеточная
test304.png	норма
test305.png	что
test306.png	сходимость
test307.png	порядок
test308.png	задача
test309.png	аппроксимация
test31.png	если
test310.png	имеет
test311.png	аппроксимирует
test312.png	Теорема
test313.png	устойчива
test314.png	сходимости
test315.png	очевидно
test316.png	Лекция
test317.png	2020
test318.png	примоугольник
test319.png	РС
test32.png	собственный
test320.png	данным
test321.png	Ячейка
test322.png	то
test323.png	7-
test324.png	сетку.
test326.png	Пример 2
test328.png	Пусть
test329.png	Условие
test33.png	Покажем
test330.png	для
test331.png	акт
test332.png	Если
test333.png	Устойчивость
test334.png	Если
test335.png	устойчивости
test336.png	Лемма
test337.png	нормальная
test338.png	05.11.2020
test339.png	выполнено
test34.png	перестановочин
test340.png	вычислений
test341.png	тогда
test342.png	признак,
test343.png	Если
test344.png	Тогда
test345.png	Методы
test346.png	15.10.20
test347.png	Методы
test348.png	Лемма
test349.png	При
test35.png	новую
test350.png	Успение
test351.png	смым
test352.png	вским
test353.png	Если
test354.png	если
test355.png	Грюк
test356.png	сценка
test357.png	если
test358.png	Методы
test359.png	разрешности
test36.png	Условие
test360.png	условие
test361.png	мето
test362.png	имеет
test363.png	характеристик
test364.png	стема
test365.png	Неявная
test366.png	Лекция
test367.png	Методы
test368.png	данные
test369.png	вычислений
test37.png	можно
test370.png	схему
test371.png	публичное
test372.png	право
test373.png	особое
test374.png	касается
test375.png	недвижимость
test376.png	защита
test377.png	интеллектуальное
test378.png	объявление
test379.png	конституц
test38.png	полу
test380.png	право
test381.png	договорное
test382.png	контракты
test383.png	процессуальное
test384.png	законы
test385.png	инграционное
test386.png	300.00 (трибота
test387.png	долларов США
test388.png	избирательной
test389.png	Логиюня 2016г.
test39.png	чили
test390.png	населения
test391.png	Численность
test394.png	городского округа
test395.png	округа Краснара
test396.png	благовещенск
test397.png	Чебоксары
test398.png	Чита
test399.png	Иркутск
test4.png	определим
test40.png	говорить
test400.png	Кострома
test401.png	Красноярск
test402.png	Курск
test403.png	своимидействиями
test404.png	приобретать
test405.png	Иванов И.И.
test406.png	Михаил
test407.png	обязательства
test408.png	имущество
test41.png	дальнейших
test413.png	13 ноября 1992 года
test414.png	31 июня 2012 года
test415.png	советник
test416.png	защита
test417.png	ол. 1992
test418.png	кредий на
test42.png	исследований
test420.png	увеличить йлайц
test421.png	автомобиль
test422.png	йо собственному
test423.png	цена
test424.png	задержанный
test425.png	делать
test426.png	продажа
test427.png	сумма
test428.png	покупка
test429.png	получать
test43.png	кадо,
test430.png	недорогой
test431.png	примерная
test432.png	данном
test433.png	на
test434.png	луче
test435.png	ветер
test436.png	поворкости
test437.png	задать
test438.png	можно
test439.png	круг
test44.png	Для
test440.png	определи
test441.png	скалярное
test442.png	поле
test443.png	нидкость
test444.png	пример,
test445.png	на
test446.png	поле
test447.png	скоростей
test448.png	трукоция
test449.png	высотн
test45.png	разностная
test450.png	однопараметрическое
test451.png	сеточная
test452.png	координата
test453.png	поле
test454.png	норма
test455.png	прямочтольнике
test456.png	сеток
test457.png	семейство
test458.png	примеры
test459.png	чуть
test46.png	схема
test460.png	схема
test461.png	лучь
test462.png	нумерация
test463.png	всем
test464.png	сетка
test465.png	функций
test466.png	векторная
test467.png	знаем
test468.png	сеточном
test469.png	параметр
test47.png	уравнение
test470.png	сеточных
test471.png	прострашитьа
test472.png	свойствами
test473.png	векторна
test474.png	ячейка
test475.png	Вспомотательной
test476.png	проектирования
test477.png	равномерная
test478.png	погрешность
test479.png	норма
test48.png	функции
test480.png	нельзя
test481.png	по
test482.png	вложении,
test483.png	Явная
test484.png	обладает
test485.png	решения
test486.png	проектировани
test487.png	связь.
test488.png	неявная
test489.png	входными
test49.png	явная схема
test490.png	схема
test491.png	этой
test492.png	умножать
test493.png	уголок
test494.png	сеточной
test495.png	правый
test496.png	значениями
test497.png	функции
test498.png	хотим
test499.png	данными
test5.png	найти
test50.png	сдвиг
test500.png	уравнение
test501.png	верхний
test502.png	свести
test503.png	непрерывного
test504.png	решения
test505.png	ошибка
test506.png	будем
test507.png	можно
test508.png	рассматривать
test509.png	движения
test51.png	неявиал
test510.png	полу
test511.png	мли
test512.png	скалярное
test513.png	новую
test514.png	говорить
test515.png	оператор
test516.png	сетчу
test517.png	это
test518.png	функция
test519.png	тождественный
test52.png	чисто
test521.png	элементов
test523.png	разным
test524.png	каждый
test525.png	сеточная
test526.png	сетка
test527.png	предполагаем
test528.png	ВИА
test529.png	выполнено
test53.png	вопрос
test530.png	стандартный
test531.png	прямочгольнике
test533.png	Пусто
test534.png	поле
test535.png	далее
test536.png	Сеточное
test537.png	теперь
test538.png	прокимация
test539.png	А
test54.png	Значениями
test540.png	Безусловна
test541.png	7)
test542.png	объем
test543.png	Сеточная
test544.png	задача
test545.png	вектор
test546.png	Фальше
test547.png	Хотим
test548.png	функцией
test549.png	состоят
test55.png	иточной
test550.png	порядка
test551.png	отображение
test552.png	под
test553.png	говорить
test554.png	одник
test555.png	тех
test556.png	точкл
test558.png	и
test559.png	сход
test56.png	нижний уголок
test560.png	полимали
test561.png	Будем
test562.png	элементов
test563.png	явная
test564.png	схема
test565.png	апроксируем
test566.png	схема
test567.png	что
test568.png	погрешность
test569.png	схемы
test57.png	условие
test570.png	условие
test572.png	Двуслойной
test573.png	апроксимации
test574.png	первая
test575.png	форма
test576.png	каномическая
test577.png	разностной
test578.png	погрешность
test579.png	безусловно
test58.png	правыи
test580.png	Посмотрим
test581.png	апроксимирует
test582.png	апроксимации.
test583.png	ешь
test584.png	схема
test585.png	дан
test586.png	безусловная
test587.png	живалитность
test588.png	число
test589.png	воршен
test59.png	ряд
test590.png	рассмотрим
test591.png	за
test592.png	ребер
test593.png	граной
test594.png	строна
test595.png	Эксиретный
test596.png	кривые
test597.png	число
test598.png	различных
test599.png	нично
test6.png	будем
test60.png	Аналог
test600.png	число
test601.png	кривая
test602.png	первия
test603.png	одному
test604.png	нак
test605.png	Если
test606.png	кроме
test607.png	случай
test608.png	вторая
test609.png	случая:
test61.png	погрешность
test610.png	возможны
test611.png	текста
test612.png	Так
test613.png	самая
test614.png	Интукция
test615.png	сложность
test616.png	сферу
test617.png	Гаусса
test618.png	сжатия
test619.png	отображается
test62.png	раскладывать
test620.png	мотоды
test621.png	точка
test622.png	оператор
test623.png	элип
test624.png	сложает
test625.png	пространство
test626.png	скоростей
test627.png	целая
test628.png	окрестость.
test629.png	отображения
test63.png	будем
test630.png	шар,
test631.png	сфера
test632.png	точки
test633.png	множество
test634.png	это
test635.png	функция
test636.png	Кодирования
test637.png	задачи
test638.png	расстояние
test639.png	нормы
test64.png	условия
test640.png	разные
test641.png	Крещение
test642.png	Выбор был.
test643.png	не существует
test644.png	система ля
test646.png	уже совершившее
test647.png	но не кричинально
test648.png	свойства личности
test649.png	другими лицами
test65.png	обозначим
test650.png	Авторский
test651.png	с автором
test652.png	Субота,
test653.png	18.00 Олимпинада
test654.png	Далеко и навсида
test655.png	Моя самая
test656.png	Строем Д.
test657.png	в стеках
test658.png	Свердловским
test659.png	Я Шахматова
test66.png	функция
test660.png	в связи
test661.png	с рождением ребенка
test662.png	В 1968 году
test663.png	к своим
test664.png	родителям
test665.png	с сентября 1968 года
test667.png	математики
test668.png	теоретической
test669.png	5 сентября 1969 г
test67.png	со значением
test671.png	периатрического
test672.png	ангарскую
test673.png	детскую больницу
test674.png	Сабалина Ю.
test675.png	Степанова Н.
test676.png	детская
test677.png	Атлашкина
test678.png	проподила учебную
test679.png	практику в
test68.png	сеточная
test680.png	качестве помощника
test681.png	интернет-фоида
test682.png	сестры
test683.png	городская
test685.png	За время
test686.png	ознакомилась
test687.png	с работой
test688.png	поликлиники
test689.png	показала
test69.png	схему
test690.png	себя
test691.png	а так гие
test692.png	получила
test693.png	углубила
test694.png	усовершенствовала
test695.png	свои
test696.png	знания
test697.png	в ходе
test698.png	работы
test699.png	выписывала
test7.png	доказать
test70.png	что
test700.png	направления
test701.png	закосила
test702.png	мед карту
test703.png	долларов
test704.png	больных,
test705.png	проворила
test706.png	Какровов
test707.png	ещиных
test708.png	слизистых,
test709.png	больных
test71.png	разностную
test710.png	притензий
test711.png	выполняла
test712.png	Проезд
test713.png	Суточные
test714.png	фидцать
test715.png	Рроживание
test716.png	Минск-Мошлев
test717.png	двигать одня
test718.png	двести
test719.png	21000
test72.png	уголок
test720.png	Бысяча
test721.png	рублей
test722.png	Свирской
test724.png	по ул. Водная
test725.png	девятьсят
test727.png	ген. директор
test729.png	19 апреля 2006
test73.png	правый
test730.png	выран
test731.png	Заруторинова С.
test732.png	Фона Рокже
test734.png	седам легковой
test735.png	Фиоле товый
test736.png	рублий
test737.png	аватичном сос. не
test74.png	верхний
test740.png	донарь зад
test741.png	разбит
test742.png	Крышка больн.
test743.png	Стекло гред
test744.png	наруш
test745.png	насполота
test746.png	Полка салона зада
test747.png	на лечение
test748.png	беформация
test749.png	Камера зад. вида
test75.png	Потрешность
test750.png	заглушко
test751.png	расколоты
test752.png	отсутствует
test753.png	22.09.16г
test754.png	отрицает
test755.png	На месом
test756.png	исковое
test757.png	письмо
test759.png	конвер
test76.png	постановна
test760.png	прохол
test761.png	описание
test762.png	прохол
test763.png	Опредка
test764.png	решение
test765.png	решение
test766.png	равнение
test767.png	уведение
test77.png	ошибка
test770.png	12 сентября 206 г.
test771.png	Начальнику
test772.png	Койареву А.В
test773.png	от Сюровой А
test774.png	проживополоща
test775.png	ро гафец
test776.png	Заявление
test778.png	получино посыгну
test779.png	2 июня 2018 года
test78.png	поле
test780.png	в отделении
test781.png	Футолке
test782.png	речты России
test783.png	Посолно находилось
test784.png	в коробре
test785.png	отклечной
test786.png	скотъем
test789.png	140960
test79.png	задачи
test790.png	Внутри я обнарушима
test791.png	подранные почтовые
test792.png	Костном споры
test793.png	утановочные
test794.png	покусанные продукт
test795.png	рохожие на следа
test796.png	присутствия
test797.png	Также в посочные
test798.png	былу обноружения
test799.png	земли
test8.png	выдем
test80.png	данные
test800.png	Прошу
test801.png	причину
test802.png	Полыпко
test803.png	Суйболи
test804.png	2/06/2018 г.
test805.png	Егоровер А.
test806.png	Егоровой Александре
test807.png	тександровне
test808.png	За время
test809.png	редагогической
test81.png	теплопроводности
test810.png	проценки
test811.png	Нашаявл
test812.png	высокий
test813.png	подготовки
test814.png	Тутболки
test815.png	по рускому языку
test816.png	ведение методикой
test817.png	преподавания этих
test818.png	предметов
test819.png	владет навнами
test82.png	уравнение
test820.png	разработки
test821.png	различных вариантов
test822.png	урока,
test823.png	способна
test825.png	Крепи этот
test826.png	поиск
test827.png	оптимального
test828.png	отборе
test829.png	его содержания
test83.png	оценка
test831.png	свободно
test832.png	в современных
test833.png	конценциях
test834.png	заявления
test835.png	ксерокопия
test836.png	Лыжи
test837.png	и воспетания
test838.png	умеет
test839.png	методы
test84.png	схема
test840.png	приемы подачи
test841.png	учебного
test842.png	материала
test843.png	Студение
test844.png	на своих уроках
test845.png	практиковало.
test846.png	методы
test847.png	пят. рубией
test848.png	что положительно
test849.png	сказывалось на
test85.png	ошибки
test850.png	отношений
test851.png	к изучаемому
test852.png	Константиновна
test853.png	старалась
test855.png	особенности детей,
test856.png	создавать
test857.png	психологическую
test858.png	Беловя О.А.
test859.png	на своих
test86.png	вероятность
test860.png	Отношения с детям
test861.png	строила
test862.png	на основе уважения
test863.png	старалась
test864.png	детей,
test865.png	поддерживать любой
test866.png	их успех
test87.png	Элипе.
test871.png	отлично
test872.png	Правописиние
test873.png	слов
test874.png	Суффиксы
test875.png	А.С. Пушк
test876.png	Гимнее утря
test877.png	Александрово Виктора
test878.png	Анаторьевича
test879.png	Чувашская Росстубника
test88.png	точек
test880.png	Петровой Ольге
test882.png	небокствский
test883.png	8917064010
test884.png	Прошу отменить
test885.png	26.02.2018 года
test886.png	20.11.2017 года
test887.png	15.11.2017 года
test888.png	06.11.2017 года
test889.png	18810121802221928
test89.png	знаит.
test890.png	188101217120969759
test891.png	18101/211311-19242
test892.png	г. Перели
test893.png	188101211706972617
test894.png	в связи с тем
test895.png	что автомашина
test896.png	Дома продана
test897.png	согранической
test898.png	Транс Тех Сервич
test899.png	на основании
test9.png	Пусть
test90.png	геометрическое
test901.png	817000210
test902.png	22 интября 2017 года
test904.png	Утлаченные много
test905.png	ценым прошу
test906.png	вернуть на
test907.png	Александров
test908.png	Анатольевич
test909.png	2081231075041313063
test91.png	Длимы
test910.png	бербанс
test911.png	301018 103 регоровок
test912.png	инн 7070838383
test913.png	200 21290201
test915.png	Александров А.
test916.png	Бубенцов А.В.
test917.png	01.08.2016
test918.png	01.09.2016
test919.png	Ко валёв.М.
test92.png	содержащие
test920.png	01.08.2016
test921.png	Савченко А.В.
test922.png	01.08.2016
test923.png	яковства
test924.png	01.08.2016
test925.png	ноябрь 201 г.
test926.png	Болова В.А.
test927.png	01.03.2016
test929.png	одна тысяча
test93.png	способ
test930.png	благотворительный
test931.png	Денисовой Ольге
test932.png	Две тысячи
test933.png	Алевидом
test934.png	Вяземским РоВД
test935.png	распорту
test936.png	с нахождением
test937.png	Блинов М.
test938.png	31.05.10
test939.png	Иванов. Иван
test94.png	называется
test940.png	29.02.1901г.
test943.png	муж
test944.png	жена
test945.png	Вспина голина
test946.png	034С
test948.png	апиц
test95.png	плоскости.
test953.png	Обменом
test954.png	ктратой
test955.png	31 февраля-02
test956.png	Сихоровой Марии
test957.png	Ивановны
test958.png	Дейзваева П.
test959.png	ул.Ленина 10-ло
test96.png	место
test960.png	8701
test961.png	лязыбо
test962.png	16.12.2002
test963.png	УВД Г. Сыклывкада
test964.png	01.03.2006
test965.png	Сидорова
test966.png	поварный
test967.png	кассовой
test968.png	02.03.2006
test969.png	Лебедева Ца
test97.png	является
test970.png	02.03.2006
test972.png	5704
test973.png	570000
test974.png	05.04.1999г.
test975.png	ОВД Индустр. р-на
test976.png	2. Перми
test98.png	кривая,
test980.png	ноября
test981.png	ноябрь 2012 года
test982.png	03.11.2011г.
test983.png	Лебянева М.
test984.png	1 класса
test985.png	Почта России
test986.png	Москва Смолейская
test987.png	Москва,
test988.png	просрочка сронов
test989.png	претензи
test99.png	все
test990.png	Причина
test991.png	Петров Иван
test992.png	впран обо
test993.png	28.09.2017г.
test994.png	из отделения
test996.png	121095,
test997.png	Смоленская
test998.png	была отправлена
test999.png	посылка
testt1023.png	ченов
testt1027.png	связи
testt1059.png	Егор
testt1060.png	г. Кирова
testt1069.png	четыре точени
testt1117.png	построенной
testt1118.png	был проведен
testt1121.png	проблемы
testt1133.png	предметной
testt1183.png	область
testt1184.png	октября
testt1209.png	Маталы
testt1211.png	района
testt1213.png	ноябрь,
testt1218.png	Елена
testt1219.png	Ольга
testt1225.png	не состоит
testt1236.png	наругович
testt1244.png	средства
testt1250.png	проведение
testt1251.png	мероприятий
testt1254.png	формы
testt1256.png	классного
testt1257.png	проводила
testt1261.png	детей к
testt1264.png	субойниств,
testt1267.png	школьного
testt1271.png	журнала
testt1281.png	компании
testt1298.png	моего
testt1322.png	сберегательного
testt1348.png	отказано
testt1349.png	для гологование
testt1366.png	прогурору
testt1383.png	собметка
testt1384.png	познесь на
testt1390.png	подъема
testt1395.png	освободить
testt1414.png	во время
testt1425.png	алименты
testt1508.png	магазено
testt1513.png	поступила на
testt24.png	разрешение
testt47.png	Движения
testt658.png	РУВД
testt659.png	Людмила
testt677.png	Анастасия
testt681.png	Помоги, орг
testt682.png	на базе
testt685.png	прохождения
testt692.png	одну тысячу
testt722.png	Елене Анатольевне
testt801.png	произведшего
testt812.png	теоретический
testt833.png	обучения
testt850.png	деней
testt882.png	район
testt884.png	постановления.
testt946.png	гор. Магадан
testt965.png	Петр
testtt1027.png	со мной
testtt1059.png	Владимирович
testtt1118.png	анализ
testtt1183.png	Иркутская
testtt1184.png	дн тысячи
testtt1213.png	декабрь
testtt1218.png	Александровна
testtt1219.png	Владимировна
testtt1236.png	Иванович
testtt1261.png	общемнольным
testtt1267.png	питание
testtt1322.png	баты
testtt1348.png	в присутствии
testtt1395.png	меня от
testtt658.png	г.Иркутска
testtt659.png	Андреевна
testtt677.png	Юрьевна
testtt692.png	девяносто)
testtt965.png	Васильевича
